style,view,shoe,speed_mph,run_folder,stride_idx,contact_ms,air_ms,stride_ms,ratio,pct_contact,knee_angle_deg,ankle_ahead_knee_px,toeoff_ankle_knee_px,cadence_spm,loading_rate,flight_arc_px,hip_osc_px
normal,perpendicular,ASICS Gel-Nimbus,5.0,20260609_180856,0,433,333,766,1.3003003003003002,56.527415143603136,159.08159519260607,17.6084793350401,301.30490560625583,78.3289817232376,0.43797372967480813,146.4947617541901,
normal,perpendicular,ASICS Gel-Nimbus,5.0,20260609_180856,1,467,333,800,1.4024024024024024,58.375,172.33975029994735,-37.916461516563686,290.0859749072481,75.0,0.413570223405104,155.24848530253053,79.44221330258281
normal,perpendicular,ASICS Gel-Nimbus,5.0,20260609_180856,2,467,333,800,1.4024024024024024,58.375,169.75124672683035,-26.47028238527355,298.24383993624576,75.0,0.5521450345565727,143.07918607199144,75.8549574018991
normal,perpendicular,ASICS Gel-Nimbus,5.0,20260609_180856,3,434,366,800,1.185792349726776,54.25,170.16775946057206,-36.55633704549382,277.1665718156132,75.0,0.5298300709870446,147.57379403119057,75.10466830368367
normal,perpendicular,ASICS Gel-Nimbus,5.0,20260609_180856,4,400,367,767,1.0899182561307903,52.15123859191656,166.8560524457953,1.0545384607878532,283.9532300304156,78.22685788787484,0.42075557015790854,149.00770039310362,79.62416456515223
normal,perpendicular,ASICS Gel-Nimbus,5.0,20260609_180856,5,400,367,767,1.0899182561307903,52.15123859191656,163.77170694847095,-4.860996887180704,273.1464551948395,78.22685788787484,0.32072118264525995,148.46918950173608,85.53939440572984
normal,perpendicular,ASICS Gel-Nimbus,5.0,20260609_180856,6,433,367,800,1.1798365122615804,54.125,167.8561123950267,-21.84587770759083,277.34689304809353,75.0,0.4952981920055687,149.146920115561,72.1670028233062
normal,perpendicular,ASICS Gel-Nimbus,5.0,20260609_180856,7,433,367,800,1.1798365122615804,54.125,166.13069487116704,-17.111723251505055,283.82716232417476,75.0,0.46785981083491224,148.72622317832918,69.06385615114829
normal,perpendicular,ASICS Gel-Nimbus,5.0,20260609_180856,8,433,367,800,1.1798365122615804,54.125,169.90871077062073,-25.078489955688838,304.6023955583511,75.0,0.3625348070533689,147.6056675483269,67.23840274419223
normal,perpendicular,ASICS Gel-Nimbus,5.0,20260609_180856,9,433,367,800,1.1798365122615804,54.125,168.6949218026017,-17.600400722614495,271.5620424808085,75.0,0.3111717211924908,152.61706523164503,77.24243979174054
normal,perpendicular,ASICS Gel-Nimbus,5.0,20260609_180856,10,433,367,800,1.1798365122615804,54.125,159.6700007992943,3.8234605415843816,278.3363364274344,75.0,0.15135777117226146,166.4673123920262,77.24243979174054
normal,perpendicular,ASICS Gel-Nimbus,5.0,20260609_180856,11,433,367,800,1.1798365122615804,54.125,169.58192522029472,-34.442196738861185,282.23640279464985,75.0,0.3957219919439038,166.4915480582223,76.06919576562603
normal,perpendicular,ASICS Gel-Nimbus,5.0,20260609_180856,12,433,367,800,1.1798365122615804,54.125,170.61037909193684,-33.830210600335704,279.66969186034953,75.0,0.35374676423930396,164.5668833188647,76.06919576562603
normal,perpendicular,ASICS Gel-Nimbus,5.0,20260609_180856,13,433,367,800,1.1798365122615804,54.125,165.46934220875127,-14.246892463846507,280.99639489946003,75.0,0.41997402913284787,159.56433606725568,74.04173129150303
normal,perpendicular,ASICS Gel-Nimbus,5.0,20260609_180856,14,433,333,766,1.3003003003003002,56.527415143603136,168.7537446279175,-25.814153161073477,299.2870033658562,78.3289817232376,0.3825087235029574,164.53366044996426,80.29194508005769
normal,perpendicular,ASICS Gel-Nimbus,5.0,20260609_180856,15,434,333,767,1.3033033033033032,56.58409387222947,170.71630571644903,-39.18710463326602,289.6177007873358,78.22685788787484,0.6123027154855109,153.46909480611293,80.29194508005769
normal,perpendicular,ASICS Gel-Nimbus,5.0,20260609_180856,16,433,367,800,1.1798365122615804,54.125,171.25279582752867,-23.62967321801011,290.9550813665942,75.0,0.891206150706239,159.97226983143582,80.07236613660469
normal,perpendicular,ASICS Gel-Nimbus,5.0,20260609_180856,17,433,334,767,1.2964071856287425,56.45371577574967,168.36419897906094,-11.971268331208421,310.31019902692174,78.22685788787484,0.3490541925837053,159.98577083570171,82.10009838247545
normal,perpendicular,ASICS Gel-Nimbus,5.0,20260609_180856,18,433,367,800,1.1798365122615804,54.125,163.07944446488784,1.3855855170155564,281.98214200438133,75.0,0.5989949845323937,170.60060480546088,70.40923923344718
normal,perpendicular,ASICS Gel-Nimbus,5.0,20260609_180856,19,366,367,733,0.997275204359673,49.931787175989086,168.4157017760573,-19.599361094871938,278.97599602911305,81.85538881309687,0.394990232033176,159.93413946988437,77.20141929658719
normal,perpendicular,ASICS Gel-Nimbus,5.0,20260609_180856,20,433,367,800,1.1798365122615804,54.125,172.5556861385414,-41.69374035261262,279.7967592539576,75.0,0.4519249889461363,159.55206105872617,78.63415613623603
normal,perpendicular,ASICS Gel-Nimbus,5.0,20260609_180856,21,433,367,800,1.1798365122615804,54.125,167.41634322899137,-19.248138943740628,287.52396661544844,75.0,0.49617649208217607,147.4085618992316,76.76262969184495
normal,perpendicular,ASICS Gel-Nimbus,5.0,20260609_180856,22,400,267,667,1.4981273408239701,59.97001499250375,166.9619788281016,-24.673212047615266,253.31355276186878,89.95502248875562,0.359526102813561,145.04914758961218,85.3310727385126
normal,perpendicular,ASICS Gel-Nimbus,5.0,20260609_180856,23,400,366,766,1.092896174863388,52.219321148825074,164.55057027109672,23.74923220331482,278.9451673966082,78.3289817232376,0.6026778694362483,157.305582831023,90.43519192310542
normal,perpendicular,ASICS Gel-Nimbus,5.0,20260609_180856,24,434,366,800,1.185792349726776,54.25,154.69584568262692,14.697878502581375,280.6543919968069,75.0,0.20856811964482572,162.30809532326452,93.78705702375503
normal,perpendicular,ASICS Gel-Nimbus,5.0,20260609_180856,25,434,366,800,1.185792349726776,54.25,164.55497832680018,-3.3287272209912544,295.18050644611367,75.0,0.3594384419415654,157.56612271390895,91.08602921915605
normal,perpendicular,ASICS Gel-Nimbus,5.0,20260609_180856,26,400,367,767,1.0899182561307903,52.15123859191656,165.09481784623043,-4.205551909272117,272.0843763756743,78.22685788787484,0.22396627256703106,161.6353524295571,81.36602157668585
normal,perpendicular,ASICS Gel-Nimbus,5.0,20260609_180856,27,367,366,733,1.0027322404371584,50.068212824010914,161.76714242813082,36.20869132638245,274.20989584848144,81.85538881309687,0.31469608594853976,173.1789449925485,89.4989240171274
normal,perpendicular,ASICS Gel-Nimbus,5.0,20260609_180856,28,400,367,767,1.0899182561307903,52.15123859191656,168.01976605175295,-29.617660042288435,278.4744956087527,78.22685788787484,0.3673531202528387,167.4093424989495,92.80896196719144
normal,perpendicular,ASICS Gel-Nimbus,5.0,20260609_180856,29,333,367,700,0.9073569482288828,47.57142857142857,167.77223793766086,-18.928635390523368,289.2517328666577,85.71428571428571,0.3575955946435921,162.67120320586343,93.85592931467781
normal,perpendicular,ASICS Gel-Nimbus,5.0,20260609_180856,30,433,367,800,1.1798365122615804,54.125,165.6878191645463,-9.733220001444579,286.41112431803003,75.0,0.22347774501960305,166.14770568929123,97.16059764280254
normal,perpendicular,ASICS Gel-Nimbus,5.0,20260609_180856,31,400,367,767,1.0899182561307903,52.15123859191656,164.89975117321123,0.07586937121050141,280.2696632950606,78.22685788787484,0.17068257378087653,154.0416571042905,97.16059764280254
normal,perpendicular,ASICS Gel-Nimbus,5.0,20260609_180856,32,433,367,800,1.1798365122615804,54.125,164.88307009192008,-19.57847552609428,273.28099770487825,75.0,0.4365208607524015,158.49096043796897,93.90372318629508
normal,perpendicular,ASICS Gel-Nimbus,5.0,20260609_180856,33,433,333,766,1.3003003003003002,56.527415143603136,159.57623033805328,10.548090688753064,287.62759255941387,78.3289817232376,0.37279506568058124,153.5608814847892,81.86054784016792
normal,perpendicular,ASICS Gel-Nimbus,5.0,20260609_180856,34,367,333,700,1.102102102102102,52.42857142857142,159.41902439405246,38.324896357358625,267.4419883254393,85.71428571428571,0.8512748966520592,154.77278872692068,76.34974049930838
normal,perpendicular,ASICS Gel-Nimbus,5.0,20260609_180856,35,434,333,767,1.3033033033033032,56.58409387222947,160.22914255416055,15.806586094731756,299.0589902024187,78.22685788787484,0.46615855260164835,162.28252931449208,86.48119834559418
normal,perpendicular,ASICS Gel-Nimbus,5.0,20260609_180856,36,433,367,800,1.1798365122615804,54.125,159.20997215923288,0.6267731857210492,291.5937584579674,75.0,0.5579918024940264,165.26502019039447,95.10685493976911
overstriding,perpendicular,ASICS Gel-Nimbus,5.0,20260609_181012,0,266,434,700,0.6129032258064516,38.0,141.21348639695523,143.78701754166366,274.76591730800794,85.71428571428571,-0.1159342833834809,160.44830200595072,
overstriding,perpendicular,ASICS Gel-Nimbus,5.0,20260609_181012,1,533,400,933,1.3325,57.12754555198285,174.23938826070687,-74.6872027982048,276.4386701098275,64.30868167202573,0.31532625466809777,172.64238973526994,
overstriding,perpendicular,ASICS Gel-Nimbus,5.0,20260609_181012,2,600,400,1000,1.5,60.0,179.16305285296545,-141.33839923323433,275.29857542931006,60.0,0.301234875682386,155.2675600862816,81.0278156419101
overstriding,perpendicular,ASICS Gel-Nimbus,5.0,20260609_181012,3,533,400,933,1.3325,57.12754555198285,178.5175929586496,-107.41324535080253,276.1818107219892,64.30868167202573,0.053873544934974045,176.0808564626808,83.1990174776803
overstriding,perpendicular,ASICS Gel-Nimbus,5.0,20260609_181012,4,534,433,967,1.233256351039261,55.222337125129265,175.8985243670875,-118.79239657788469,246.40351076594015,62.047569803516026,0.16871281403506996,174.2087528874988,78.18073712974353
overstriding,perpendicular,ASICS Gel-Nimbus,5.0,20260609_181012,5,567,400,967,1.4175,58.63495346432265,179.94596312455187,-135.64540579657705,283.49872878371275,62.047569803516026,-0.07792753462516301,154.92509151324793,67.8279175032993
overstriding,perpendicular,ASICS Gel-Nimbus,5.0,20260609_181012,6,566,400,966,1.415,58.59213250517599,179.39583122012587,-138.86288530077888,287.3689498394456,62.11180124223603,-0.09565620294374964,155.25446189402555,82.55294335512528
overstriding,perpendicular,ASICS Gel-Nimbus,5.0,20260609_181012,7,567,400,967,1.4175,58.63495346432265,178.80240571296616,-117.3364381146049,282.92857149079646,62.047569803516026,0.24701828182043542,157.8719991899991,74.68213817589415
overstriding,perpendicular,ASICS Gel-Nimbus,5.0,20260609_181012,8,533,434,967,1.228110599078341,55.118924508790066,177.49871864685176,-110.35352749928813,273.3055894981933,62.047569803516026,0.3096135362927242,145.62183463541805,78.25505908977978
overstriding,perpendicular,ASICS Gel-Nimbus,5.0,20260609_181012,9,533,400,933,1.3325,57.12754555198285,176.36834165733893,-94.88030975986771,281.3966000373298,64.30868167202573,0.05685959757590979,158.7369958376703,72.27429915825486
overstriding,perpendicular,ASICS Gel-Nimbus,5.0,20260609_181012,10,533,400,933,1.3325,57.12754555198285,176.8348831973029,-100.89253150613206,288.8638071942164,64.30868167202573,0.15480396550860215,150.48852112149416,72.95440825199938
overstriding,perpendicular,ASICS Gel-Nimbus,5.0,20260609_181012,11,500,400,900,1.25,55.55555555555556,173.01817676582755,-79.01059048425611,279.10403025786616,66.66666666666667,0.15128008623123024,156.1478695742161,83.68367826893089
overstriding,perpendicular,ASICS Gel-Nimbus,5.0,20260609_181012,12,500,400,900,1.25,55.55555555555556,174.4646785122759,-84.39061195499016,286.8691013082431,66.66666666666667,0.15351974876265767,147.63114390248973,83.68367826893089
overstriding,perpendicular,ASICS Gel-Nimbus,5.0,20260609_181012,13,500,400,900,1.25,55.55555555555556,175.34319300993621,-96.75005470437156,271.1389918631985,66.66666666666667,0.2245206272526439,158.29860422671027,76.26159345992326
overstriding,perpendicular,ASICS Gel-Nimbus,5.0,20260609_181012,14,567,400,967,1.4175,58.63495346432265,177.9160368936396,-140.9450474283451,284.44987189641915,62.047569803516026,0.26578485388977396,160.4340464991193,80.62935164446921
overstriding,perpendicular,ASICS Gel-Nimbus,5.0,20260609_181012,15,533,400,933,1.3325,57.12754555198285,175.82581019066865,-95.26674739750308,284.35626594545045,64.30868167202573,0.22179396271432927,156.46347807179507,80.62935164446921
overstriding,perpendicular,ASICS Gel-Nimbus,5.0,20260609_181012,16,500,400,900,1.25,55.55555555555556,170.11935849830817,-49.46805204868235,294.5236617662699,66.66666666666667,0.16012873974945083,161.8155611644953,72.13668803715316
overstriding,perpendicular,ASICS Gel-Nimbus,5.0,20260609_181012,17,534,400,934,1.335,57.17344753747323,177.36088917142592,-106.22532411968143,294.8016958796287,64.23982869379014,0.24616920383498964,158.9833971907966,77.00998101118219
overstriding,perpendicular,ASICS Gel-Nimbus,5.0,20260609_181012,18,533,400,933,1.3325,57.12754555198285,174.94969906401477,-85.86799021070772,278.52093357057834,64.30868167202573,0.10881258116001534,148.06665704312934,75.82769744943269
overstriding,perpendicular,ASICS Gel-Nimbus,5.0,20260609_181012,19,533,400,933,1.3325,57.12754555198285,176.43410380662598,-93.30306715720349,278.6248564267761,64.30868167202573,0.25534503150775645,148.40336468356986,78.91629284077248
overstriding,perpendicular,ASICS Gel-Nimbus,5.0,20260609_181012,20,534,400,934,1.335,57.17344753747323,173.40352742136014,-77.69879225651744,293.98073632720116,64.23982869379014,0.2695916134050771,159.1829151829612,78.91629284077248
overstriding,perpendicular,ASICS Gel-Nimbus,5.0,20260609_181012,21,533,367,900,1.452316076294278,59.22222222222222,168.68884562441124,-56.73893750356626,283.01571034891595,66.66666666666667,0.16889228105126017,154.60495833359528,66.01673491669702
overstriding,perpendicular,ASICS Gel-Nimbus,5.0,20260609_181012,22,533,400,933,1.3325,57.12754555198285,176.9828082640531,-110.80766236760792,289.2612559914754,64.30868167202573,0.3630458405027237,172.22340780472325,68.99889873588204
overstriding,perpendicular,ASICS Gel-Nimbus,5.0,20260609_181012,23,533,367,900,1.452316076294278,59.22222222222222,172.34393745743463,-68.93633147524838,281.6596374616647,66.66666666666667,0.18124841470457048,160.72749650158937,73.63382188461676
overstriding,perpendicular,ASICS Gel-Nimbus,5.0,20260609_181012,24,533,400,933,1.3325,57.12754555198285,174.21183493329553,-92.79852895993736,280.6952753119157,64.30868167202573,0.3049924777619462,155.78255156359285,83.88851023994664
overstriding,perpendicular,ASICS Gel-Nimbus,5.0,20260609_181012,25,534,400,934,1.335,57.17344753747323,173.57195334612362,-106.86094015872311,268.3415926959351,64.23982869379014,0.4776330797366909,163.63755918997936,74.03374238956994
overstriding,perpendicular,ASICS Gel-Nimbus,5.0,20260609_181012,26,533,433,966,1.2309468822170901,55.175983436853,175.6968473739636,-124.22051034147796,267.922523051624,62.11180124223603,0.16306520493095067,167.30665706945126,77.45241509107802
overstriding,perpendicular,ASICS Gel-Nimbus,5.0,20260609_181012,27,534,400,934,1.335,57.17344753747323,179.37866033612863,-141.08872293935156,277.9327696646815,64.23982869379014,0.10852458278421102,160.68345145285355,81.80176585624031
overstriding,perpendicular,ASICS Gel-Nimbus,5.0,20260609_181012,28,533,367,900,1.452316076294278,59.22222222222222,171.88812816430556,-78.22407873689656,281.114197574641,66.66666666666667,0.16169618815223302,156.20757901132663,94.41072949951024
overstriding,perpendicular,ASICS Gel-Nimbus,5.0,20260609_181012,29,533,433,966,1.2309468822170901,55.175983436853,176.40905576571092,-108.56220640219578,271.95306923827457,62.11180124223603,0.35676383077049695,152.58371252811548,76.82263940533039
overstriding,perpendicular,ASICS Gel-Nimbus,5.0,20260609_181012,30,534,400,934,1.335,57.17344753747323,174.00196154384892,-89.80436405704756,275.08400265216494,64.23982869379014,0.058211846508782444,157.18065933853336,64.40751526590182
small_steps,perpendicular,ASICS Gel-Nimbus,5.0,20260609_181058,0,366,300,666,1.22,54.95495495495496,166.5157535990429,-27.186306115692673,278.3129029199208,90.09009009009009,0.6957822196793313,141.5761321755615,
small_steps,perpendicular,ASICS Gel-Nimbus,5.0,20260609_181058,1,334,300,634,1.1133333333333333,52.6813880126183,162.06944677597446,6.700489390748203,267.604570449284,94.6372239747634,0.296075713046702,140.6479401797568,63.44317523705566
small_steps,perpendicular,ASICS Gel-Nimbus,5.0,20260609_181058,2,333,300,633,1.11,52.60663507109005,162.64646784837768,4.167455997745151,277.378727904417,94.7867298578199,0.6245618709703207,138.08830280139364,70.04775210537986
small_steps,perpendicular,ASICS Gel-Nimbus,5.0,20260609_181058,3,333,300,633,1.11,52.60663507109005,161.31655303236258,14.93331654659039,257.4367156303582,94.7867298578199,0.34340821123821436,147.73688884724208,66.96710318271872
small_steps,perpendicular,ASICS Gel-Nimbus,5.0,20260609_181058,4,367,333,700,1.102102102102102,52.42857142857142,164.2591154623029,-14.851650793132194,272.9682929807316,85.71428571428571,0.5944450974860627,146.64722763806753,69.63092889386942
small_steps,perpendicular,ASICS Gel-Nimbus,5.0,20260609_181058,5,367,300,667,1.2233333333333334,55.02248875562219,163.31601544110384,0.8166764257038039,275.3337388458923,89.95502248875562,0.40030333432617543,142.70441967502745,74.38553878649327
small_steps,perpendicular,ASICS Gel-Nimbus,5.0,20260609_181058,6,400,300,700,1.3333333333333333,57.14285714285714,166.73499398046488,-28.265017871440932,283.56286786676515,85.71428571428571,0.6596158115151534,152.43053372030943,76.38984849670484
small_steps,perpendicular,ASICS Gel-Nimbus,5.0,20260609_181058,7,400,300,700,1.3333333333333333,57.14285714285714,163.32861631092072,-9.15947313070535,304.50343922219713,85.71428571428571,0.9868746987326121,156.7745949588459,75.14524505652285
small_steps,perpendicular,ASICS Gel-Nimbus,5.0,20260609_181058,8,367,333,700,1.102102102102102,52.42857142857142,162.82531376982502,0.39464698200254134,278.71402333659285,85.71428571428571,0.5585496856378868,148.0423430440095,72.0016407204475
small_steps,perpendicular,ASICS Gel-Nimbus,5.0,20260609_181058,9,367,300,667,1.2233333333333334,55.02248875562219,162.23096637491895,17.527715027245904,306.4762780873875,89.95502248875562,0.40462416186579986,152.01316576370482,65.84545576628639
small_steps,perpendicular,ASICS Gel-Nimbus,5.0,20260609_181058,10,333,300,633,1.11,52.60663507109005,169.21638910962875,-6.268816521533722,285.59609325100314,94.7867298578199,0.7049941366010469,154.6839140662779,65.84916614062885
small_steps,perpendicular,ASICS Gel-Nimbus,5.0,20260609_181058,11,233,267,500,0.8726591760299626,46.6,165.29090304594865,-26.32772619446962,284.9125511146027,120.0,0.8820781386858545,154.3794652470001,64.09712350389364
small_steps,perpendicular,ASICS Gel-Nimbus,5.0,20260609_181058,12,367,333,700,1.102102102102102,52.42857142857142,165.7454193971378,-23.021075015406268,271.28933829564505,85.71428571428571,0.5042415197369715,141.6018194702849,77.22544461083233
small_steps,perpendicular,ASICS Gel-Nimbus,5.0,20260609_181058,13,333,267,600,1.247191011235955,55.50000000000001,163.9969912547741,6.947885617729298,273.9484160683828,100.0,0.27949505140100395,136.53996065021022,77.22544461083233
small_steps,perpendicular,ASICS Gel-Nimbus,5.0,20260609_181058,14,367,266,633,1.3796992481203008,57.97788309636651,165.45593711187212,-16.044034968630626,268.2412428723163,94.7867298578199,0.6833521830988217,139.9931838512664,61.7795757665727
small_steps,perpendicular,ASICS Gel-Nimbus,5.0,20260609_181058,15,400,300,700,1.3333333333333333,57.14285714285714,163.8419363065931,-9.206300763162403,298.0778698534657,85.71428571428571,0.6755605926872391,155.98716195821646,71.43232714168175
small_steps,perpendicular,ASICS Gel-Nimbus,5.0,20260609_181058,16,367,300,667,1.2233333333333334,55.02248875562219,163.97602567999635,-1.1298144429941885,283.5248757743376,89.95502248875562,0.5647970542540066,150.27581557263852,85.14224330987457
small_steps,perpendicular,ASICS Gel-Nimbus,5.0,20260609_181058,17,367,300,667,1.2233333333333334,55.02248875562219,164.41904267317676,-9.532952647747607,295.89230557964777,89.95502248875562,0.8138819462431994,152.29876317949913,85.14224330987457
small_steps,perpendicular,ASICS Gel-Nimbus,5.0,20260609_181058,18,366,300,666,1.22,54.95495495495496,161.40805496300973,2.44969433595179,285.7847666570369,90.09009009009009,0.5701298317079505,156.60845108889998,71.65133601818297
small_steps,perpendicular,ASICS Gel-Nimbus,5.0,20260609_181058,19,367,300,667,1.2233333333333334,55.02248875562219,166.232349141489,-11.206392446858672,285.77589906498145,89.95502248875562,0.6490653584150295,158.51132771498612,71.16165489700603
small_steps,perpendicular,ASICS Gel-Nimbus,5.0,20260609_181058,20,367,300,667,1.2233333333333334,55.02248875562219,166.54768863759048,-27.767344826905173,284.27156881622807,89.95502248875562,0.5793097582754616,162.1037765672653,75.15511396468312
small_steps,perpendicular,ASICS Gel-Nimbus,5.0,20260609_181058,21,400,300,700,1.3333333333333333,57.14285714285714,164.5247740204644,-13.45901045048231,285.0975965032078,85.71428571428571,0.856305275273489,144.7497819831782,78.16546756782668
small_steps,perpendicular,ASICS Gel-Nimbus,5.0,20260609_181058,22,366,300,666,1.22,54.95495495495496,163.99595307701196,-8.632136493556004,291.51778603405774,90.09009009009009,0.7919227787829408,149.2416552184011,73.21014991858058
small_steps,perpendicular,ASICS Gel-Nimbus,5.0,20260609_181058,23,300,334,634,0.8982035928143712,47.3186119873817,161.68911887137676,38.3969973792,278.28123669767865,94.6372239747634,0.7303672472842422,163.69136197015644,79.9396548490372
small_steps,perpendicular,ASICS Gel-Nimbus,5.0,20260609_181058,24,366,334,700,1.095808383233533,52.28571428571429,163.95153660861598,0.06978717108700039,304.9802672609178,85.71428571428571,0.5588318030066812,155.24702086290722,80.88099128587862
small_steps,perpendicular,ASICS Gel-Nimbus,5.0,20260609_181058,25,333,333,666,1.0,50.0,162.45347693360043,15.680036144706378,293.6235078015882,90.09009009009009,0.42418938778535403,158.93726958890034,78.79805883954302
small_steps,perpendicular,ASICS Gel-Nimbus,5.0,20260609_181058,26,367,267,634,1.3745318352059925,57.88643533123028,169.04889703980842,-27.03688677339153,281.07602803203713,94.6372239747634,0.602977281887543,171.21876122643573,74.08851081654811
small_steps,perpendicular,ASICS Gel-Nimbus,5.0,20260609_181058,27,300,333,633,0.9009009009009009,47.39336492890995,156.9201721175375,58.50719406439816,280.92891023838683,94.7867298578199,0.853397633328258,168.55964211555465,78.81321018344971
small_steps,perpendicular,ASICS Gel-Nimbus,5.0,20260609_181058,28,367,300,667,1.2233333333333334,55.02248875562219,165.96088736895595,-12.442863826230223,299.6934008385307,89.95502248875562,0.49633446126055175,165.02194980000104,78.81321018344971
small_steps,perpendicular,ASICS Gel-Nimbus,5.0,20260609_181058,29,366,334,700,1.095808383233533,52.28571428571429,153.58491791980586,22.920632670089844,289.4073063665603,85.71428571428571,0.7563289053540435,150.8114371976942,79.62482044833396
small_steps,perpendicular,ASICS Gel-Nimbus,5.0,20260609_181058,30,366,267,633,1.3707865168539326,57.81990521327014,165.41689903564586,-4.259267256301882,295.3359822067599,94.7867298578199,0.20805493409489173,148.9014554843119,74.92377542716548
small_steps,perpendicular,ASICS Gel-Nimbus,5.0,20260609_181058,31,367,300,667,1.2233333333333334,55.02248875562219,167.6086371041192,-4.746587713944905,301.408276116758,89.95502248875562,0.7415530020914706,151.828361368331,77.00964144698375
small_steps,perpendicular,ASICS Gel-Nimbus,5.0,20260609_181058,32,366,334,700,1.095808383233533,52.28571428571429,166.58726326993983,-22.05131412083358,275.91957432337335,85.71428571428571,0.7855442509665279,156.01899816883235,86.43095965539692
small_steps,perpendicular,ASICS Gel-Nimbus,5.0,20260609_181058,33,366,300,666,1.22,54.95495495495496,165.7187633954056,-1.100323081323495,306.54920521989015,90.09009009009009,0.4899582878418886,153.056790837648,85.63750056574492
small_steps,perpendicular,ASICS Gel-Nimbus,5.0,20260609_181058,34,367,267,634,1.3745318352059925,57.88643533123028,165.00708268305456,-6.360507582985292,287.9662973545785,94.6372239747634,0.5901504159109469,158.81862734206413,73.11807509692073
small_steps,perpendicular,ASICS Gel-Nimbus,5.0,20260609_181058,35,366,334,700,1.095808383233533,52.28571428571429,167.0750442676445,-13.8449955200756,271.5704969893635,85.71428571428571,0.6281233781837975,139.7779377631415,73.05385944327627
small_steps,perpendicular,ASICS Gel-Nimbus,5.0,20260609_181058,36,366,334,700,1.095808383233533,52.28571428571429,160.39684475110684,6.590896109535265,279.6572383748569,85.71428571428571,0.41837327702104377,146.35465262858338,72.32689068404694
small_steps,perpendicular,ASICS Gel-Nimbus,5.0,20260609_181058,37,366,334,700,1.095808383233533,52.28571428571429,156.08160459214795,30.47096988961232,296.5862873339562,85.71428571428571,0.6039153730267252,145.40559419389035,76.41831143955439
small_steps,perpendicular,ASICS Gel-Nimbus,5.0,20260609_181058,38,300,300,600,1.0,50.0,162.565035889083,18.74438550767661,290.47700692777585,100.0,0.40884716915837727,154.73547314327016,78.65171206947655
small_steps,perpendicular,ASICS Gel-Nimbus,5.0,20260609_181058,39,366,300,666,1.22,54.95495495495496,160.98176436522726,11.802483421752981,292.0411147307823,90.09009009009009,0.42894164777093163,145.79410726071785,76.62329874371093
small_steps,perpendicular,ASICS Gel-Nimbus,5.0,20260609_181058,40,367,333,700,1.102102102102102,52.42857142857142,163.5449802334017,-13.19559685826755,283.660842099932,85.71428571428571,0.7465353937178164,146.56343555454305,93.38990769581781
small_steps,perpendicular,ASICS Gel-Nimbus,5.0,20260609_181058,41,367,300,667,1.2233333333333334,55.02248875562219,165.22164608896435,-5.178785264307635,299.9418892442543,89.95502248875562,0.49784231954471925,150.8541048597865,93.50641858825911
small_steps,perpendicular,ASICS Gel-Nimbus,5.0,20260609_181058,42,300,200,500,1.5,60.0,166.53528871929868,-29.75662764216156,282.29267065789475,120.0,0.7985262195132409,146.2444545253262,84.4730780174677
too_bouncy,perpendicular,ASICS Gel-Nimbus,5.0,20260609_181151,0,466,400,866,1.165,53.81062355658198,167.34626659482223,-14.208553340508502,322.47483040017926,69.28406466512702,0.6148969952740979,245.8424414255909,
too_bouncy,perpendicular,ASICS Gel-Nimbus,5.0,20260609_181151,1,467,367,834,1.2724795640326976,55.99520383693045,169.9048636946597,-15.159788686443562,330.02183740068847,71.94244604316546,0.8835367802917053,218.02197902045214,116.72042592137592
too_bouncy,perpendicular,ASICS Gel-Nimbus,5.0,20260609_181151,2,466,400,866,1.165,53.81062355658198,163.34907239316138,5.571810929609569,299.51916346437906,69.28406466512702,0.7304838125050077,247.62622792828358,124.32127895073614
too_bouncy,perpendicular,ASICS Gel-Nimbus,5.0,20260609_181151,3,467,400,867,1.1675,53.8638985005767,172.6280605129233,-17.758887066404895,349.43553794104673,69.20415224913495,0.8455955261252384,244.78233223075154,131.00357722354863
too_bouncy,perpendicular,ASICS Gel-Nimbus,5.0,20260609_181151,4,433,400,833,1.0825,51.980792316926774,169.1126484643635,7.345536184442949,321.7142170767962,72.02881152460985,0.7511249036200058,253.48456682343715,132.31020402975275
too_bouncy,perpendicular,ASICS Gel-Nimbus,5.0,20260609_181151,5,467,400,867,1.1675,53.8638985005767,168.4227533133022,-13.780517413396751,341.4155404876889,69.20415224913495,0.997712156242829,246.26958622969892,121.84450393227948
too_bouncy,perpendicular,ASICS Gel-Nimbus,5.0,20260609_181151,6,433,400,833,1.0825,51.980792316926774,169.52132244263925,-15.040219042352987,319.80536914686695,72.02881152460985,1.0166834689089534,260.50217838196215,126.34812060914318
too_bouncy,perpendicular,ASICS Gel-Nimbus,5.0,20260609_181151,7,467,400,867,1.1675,53.8638985005767,169.81729221635794,-27.757517947338442,341.8163836177897,69.20415224913495,1.1336548219592362,273.0431487471069,126.48668914864619
too_bouncy,perpendicular,ASICS Gel-Nimbus,5.0,20260609_181151,8,467,400,867,1.1675,53.8638985005767,171.07133435073249,-20.39653504591672,344.87408461558846,69.20415224913495,1.0739826238077004,267.1975348240253,121.19349086212742
too_bouncy,perpendicular,ASICS Gel-Nimbus,5.0,20260609_181151,9,466,400,866,1.165,53.81062355658198,167.7340172686045,-4.378679852096639,331.22466282240225,69.28406466512702,1.0724405831516588,265.8050298159627,122.43262521795737
too_bouncy,perpendicular,ASICS Gel-Nimbus,5.0,20260609_181151,10,467,400,867,1.1675,53.8638985005767,169.21481675549774,-17.555530719070134,305.31280272588845,69.20415224913495,1.0880451124055013,268.7378686657836,117.83276305837582
too_bouncy,perpendicular,ASICS Gel-Nimbus,5.0,20260609_181151,11,467,366,833,1.2759562841530054,56.062424969988,165.42409658761258,-2.0130582225932585,303.55425615686704,72.02881152460985,1.040192222133955,232.04641453782324,127.18850784447011
too_bouncy,perpendicular,ASICS Gel-Nimbus,5.0,20260609_181151,12,467,400,867,1.1675,53.8638985005767,163.0807300417315,0.5819820975577841,294.9561101170125,69.20415224913495,0.8422493665931208,246.2784844189174,127.18850784447011
too_bouncy,perpendicular,ASICS Gel-Nimbus,5.0,20260609_181151,13,333,400,733,0.8325,45.429740791268756,157.10754020679494,35.213438481685785,353.57005069489185,81.85538881309687,1.0565375778398156,258.9538369842162,125.3569028434136
too_bouncy,perpendicular,ASICS Gel-Nimbus,5.0,20260609_181151,14,434,366,800,1.185792349726776,54.25,167.5964385982517,16.303204668005606,326.3947048769919,75.0,0.6209263717853694,247.79004083074494,128.23040028513645
too_bouncy,perpendicular,ASICS Gel-Nimbus,5.0,20260609_181151,15,434,433,867,1.002309468822171,50.05767012687428,168.45916591803316,1.4690584767415658,292.5744412484837,69.20415224913495,0.986207077462409,250.0547989402379,130.06434932782625
too_bouncy,perpendicular,ASICS Gel-Nimbus,5.0,20260609_181151,16,433,400,833,1.0825,51.980792316926774,166.53020525647602,-0.6242785775839366,329.95345693254865,72.02881152460985,0.9083198338792231,254.63597714622585,131.64557519721026
too_bouncy,perpendicular,ASICS Gel-Nimbus,5.0,20260609_181151,17,434,400,834,1.085,52.038369304556355,163.2133138802012,10.603191536465374,325.04967114665044,71.94244604316546,0.8085254934877879,233.74938535835167,137.05156882541837
too_bouncy,perpendicular,ASICS Gel-Nimbus,5.0,20260609_181151,18,433,400,833,1.0825,51.980792316926774,165.27572873468566,1.3408095897331123,315.0697731101717,72.02881152460985,0.863212039450048,253.75443508997967,124.92079529404714
too_bouncy,perpendicular,ASICS Gel-Nimbus,5.0,20260609_181151,19,433,400,833,1.0825,51.980792316926774,167.10535359730582,1.4823324090502865,306.7298719902293,72.02881152460985,0.9958270713926034,280.480273041459,130.50022401329733
too_bouncy,perpendicular,ASICS Gel-Nimbus,5.0,20260609_181151,20,467,367,834,1.2724795640326976,55.99520383693045,166.10766510746302,-7.5920907744941815,336.6692247254308,71.94244604316546,1.2853899844230448,260.28233933010745,131.98416429065165
too_bouncy,perpendicular,ASICS Gel-Nimbus,5.0,20260609_181151,21,333,400,733,0.8325,45.429740791268756,161.90669715442567,29.012991569682413,284.05323252880726,81.85538881309687,1.5260296990741153,233.7821976317332,127.31803552886592
too_bouncy,perpendicular,ASICS Gel-Nimbus,5.0,20260609_181151,22,433,400,833,1.0825,51.980792316926774,167.81156413733643,-3.575720635372477,330.0408904718465,72.02881152460985,0.7828611652395849,276.3237618084271,114.21917708896132
too_bouncy,perpendicular,ASICS Gel-Nimbus,5.0,20260609_181151,23,400,434,834,0.9216589861751152,47.961630695443645,167.29555186656347,12.969853300345903,283.9328633082032,71.94244604316546,1.102875279634434,241.4006783480495,114.21917708896132
too_bouncy,perpendicular,ASICS Gel-Nimbus,5.0,20260609_181151,24,433,267,700,1.6217228464419475,61.857142857142854,166.28417200288703,5.442458713136034,290.613940944718,85.71428571428571,0.7943352275502997,254.42367668363636,117.84414403651597
too_bouncy,perpendicular,ASICS Gel-Nimbus,5.0,20260609_181151,25,333,233,566,1.4291845493562232,58.8339222614841,170.05685655607448,-22.42571135657772,296.3926878092726,106.00706713780919,1.287443777772797,265.7181169565722,119.62295978633689
too_bouncy,perpendicular,ASICS Gel-Nimbus,5.0,20260609_181151,26,334,400,734,0.835,45.50408719346049,161.68933742800587,54.5096291700155,287.68571143159477,81.74386920980926,1.711323977247113,240.18322011885766,107.22143424985406
too_bouncy,perpendicular,ASICS Gel-Nimbus,5.0,20260609_181151,27,433,400,833,1.0825,51.980792316926774,163.31346970959555,14.27905170416318,318.84742171361336,72.02881152460985,0.9305451807514946,272.36790453078527,112.45612281191984
too_bouncy,perpendicular,ASICS Gel-Nimbus,5.0,20260609_181151,28,433,400,833,1.0825,51.980792316926774,166.2123982574689,4.09175138360888,320.91954102541683,72.02881152460985,1.1759058862463927,263.71037445239097,118.82913440762337
too_bouncy,perpendicular,ASICS Gel-Nimbus,5.0,20260609_181151,29,434,433,867,1.002309468822171,50.05767012687428,168.63658549513383,-6.224373516002856,294.250491653416,69.20415224913495,1.0401265679183984,264.1008501448283,111.21314234532682
too_bouncy,perpendicular,ASICS Gel-Nimbus,5.0,20260609_181151,30,433,367,800,1.1798365122615804,54.125,162.70027549444853,13.076750464584165,331.96144903568415,75.0,0.520624932324594,247.96236917260615,111.9170026372907
too_bouncy,perpendicular,ASICS Gel-Nimbus,5.0,20260609_181151,31,433,367,800,1.1798365122615804,54.125,165.04412169244637,24.37374434354797,348.08930369132463,75.0,0.9484191983713092,261.1738942919038,120.99127592849686
too_bouncy,perpendicular,ASICS Gel-Nimbus,5.0,20260609_181151,32,433,400,833,1.0825,51.980792316926774,167.9672154025107,0.43013506052284356,325.53301463611103,72.02881152460985,1.1881743545925627,285.7928583041445,122.5505626428886
too_bouncy,perpendicular,ASICS Gel-Nimbus,5.0,20260609_181151,33,434,400,834,1.085,52.038369304556355,169.31653047020924,-11.950155732090593,289.572544511542,71.94244604316546,1.2422928856722155,263.644540510541,120.41586790633087
too_bouncy,perpendicular,ASICS Gel-Nimbus,5.0,20260609_181151,34,433,400,833,1.0825,51.980792316926774,167.64226886714926,-4.647861888021225,319.8968412967189,72.02881152460985,1.1006591278272042,302.4318964424922,
normal,perpendicular,ASICS Gel-Nimbus,5.0,20260609_181245,0,300,333,633,0.9009009009009009,47.39336492890995,146.2944835402276,141.11610276139834,293.5116123831001,94.7867298578199,0.014160192707475799,139.56361871547858,
normal,perpendicular,ASICS Gel-Nimbus,5.0,20260609_181245,1,467,333,800,1.4024024024024024,58.375,168.91471138266368,-40.44039998757955,289.2136035934452,75.0,0.2225277976428741,143.71545130592187,
normal,perpendicular,ASICS Gel-Nimbus,5.0,20260609_181245,2,467,200,667,2.335,70.01499250374813,168.76686260197144,-28.063360218129674,292.216886582544,89.95502248875562,0.40798402115503496,136.33112325639843,73.9072243949125
normal,perpendicular,ASICS Gel-Nimbus,5.0,20260609_181245,3,333,367,700,0.9073569482288828,47.57142857142857,166.77583920883302,-23.183155850993444,273.45740114646424,85.71428571428571,0.8368468248658805,158.394315537721,77.93893632706414
normal,perpendicular,ASICS Gel-Nimbus,5.0,20260609_181245,4,433,333,766,1.3003003003003002,56.527415143603136,167.97199269765602,-19.65614321311375,275.867751002025,78.3289817232376,0.20001185030313404,163.46801586369315,88.49557586517699
normal,perpendicular,ASICS Gel-Nimbus,5.0,20260609_181245,5,467,333,800,1.4024024024024024,58.375,171.86067936876265,-48.50548603925745,290.23985170907486,75.0,0.682985212438891,168.71086146961397,88.25759128186182
normal,perpendicular,ASICS Gel-Nimbus,5.0,20260609_181245,6,334,300,634,1.1133333333333333,52.6813880126183,170.70129274987647,-41.053942448676594,309.79701270959526,94.6372239747634,0.2765629734468336,161.43406329697314,81.25974163814361
normal,perpendicular,ASICS Gel-Nimbus,5.0,20260609_181245,7,433,367,800,1.1798365122615804,54.125,166.48866769096307,-30.75205269378239,265.26867984652995,75.0,0.3958346166993392,156.54435359664683,87.64412198817737
normal,perpendicular,ASICS Gel-Nimbus,5.0,20260609_181245,8,400,233,633,1.7167381974248928,63.191153238546605,165.25298456264576,-28.09621761711594,289.9877658832579,94.7867298578199,0.41957341822565797,156.0218101015688,93.2172689474246
normal,perpendicular,ASICS Gel-Nimbus,5.0,20260609_181245,9,433,200,633,2.165,68.4044233807267,171.2921723176067,-38.2320500488612,267.3380491000132,94.7867298578199,0.5760400558938892,157.31287137093705,80.46455798508245
normal,perpendicular,ASICS Gel-Nimbus,5.0,20260609_181245,10,334,366,700,0.912568306010929,47.714285714285715,162.15610996051933,21.777816520318993,272.9711396741877,85.71428571428571,1.007515224570071,170.8389572087483,60.87459453619434
normal,perpendicular,ASICS Gel-Nimbus,5.0,20260609_181245,11,434,333,767,1.3033033033033032,56.58409387222947,161.2703979629804,-5.277617689908425,299.9573522209889,78.22685788787484,0.42839440431165304,156.65421240959733,70.7219993295596
normal,perpendicular,ASICS Gel-Nimbus,5.0,20260609_181245,12,433,334,767,1.2964071856287425,56.45371577574967,168.67698044491294,-27.705511293752693,284.55870508439784,78.22685788787484,0.3046210057262006,141.11053641922547,75.55282292506186
normal,perpendicular,ASICS Gel-Nimbus,5.0,20260609_181245,13,433,367,800,1.1798365122615804,54.125,170.8543468505222,-35.60719171225185,271.0789049442935,75.0,0.3352549106332364,148.71922231585006,73.02726228758367
normal,perpendicular,ASICS Gel-Nimbus,5.0,20260609_181245,14,433,367,800,1.1798365122615804,54.125,170.28124345029929,-40.21079102149724,283.30016866937285,75.0,0.3746763018536454,154.10810354795365,72.75055148961602
normal,perpendicular,ASICS Gel-Nimbus,5.0,20260609_181245,15,433,333,766,1.3003003003003002,56.527415143603136,166.1141477374857,-17.930353603247795,303.45301011706624,78.3289817232376,0.3059191919599392,158.94350438717697,72.22502850924491
normal,perpendicular,ASICS Gel-Nimbus,5.0,20260609_181245,16,434,366,800,1.185792349726776,54.25,170.9398378378727,-42.57157634363955,263.90379501062125,75.0,0.3597005814728611,149.27687048306905,83.38028581910001
normal,perpendicular,ASICS Gel-Nimbus,5.0,20260609_181245,17,400,367,767,1.0899182561307903,52.15123859191656,157.66052104850928,6.994059406065389,262.1362370664242,78.22685788787484,0.3932255159693059,148.8782635791557,79.61129679196536
normal,perpendicular,ASICS Gel-Nimbus,5.0,20260609_181245,18,433,367,800,1.1798365122615804,54.125,171.03644242309994,-42.333999643407196,267.64471489816606,75.0,0.25967624264146183,151.08729365220347,76.4858973583616
normal,perpendicular,ASICS Gel-Nimbus,5.0,20260609_181245,19,433,334,767,1.2964071856287425,56.45371577574967,166.33617981419263,-9.022308923861033,288.2038608941955,78.22685788787484,0.307097925079767,143.16527506844795,81.2058218693597
normal,perpendicular,ASICS Gel-Nimbus,5.0,20260609_181245,20,433,367,800,1.1798365122615804,54.125,166.68170573461168,-18.039822198278785,274.1307202836192,75.0,0.4657237347885667,158.8987904258787,84.29960417568212
normal,perpendicular,ASICS Gel-Nimbus,5.0,20260609_181245,21,433,333,766,1.3003003003003002,56.527415143603136,169.02436853954043,-19.13790034826684,288.35932785625994,78.3289817232376,0.33417002856052885,150.13005206259743,80.95777212108325
normal,perpendicular,ASICS Gel-Nimbus,5.0,20260609_181245,22,434,366,800,1.185792349726776,54.25,169.5272237284297,-36.714705850042606,273.2443634468236,75.0,0.3930165254118904,146.23691153921618,77.09878525307012
normal,perpendicular,ASICS Gel-Nimbus,5.0,20260609_181245,23,300,300,600,1.0,50.0,165.16026098222127,-7.4573537205366165,330.66704647865527,100.0,0.44146436238274683,139.55324935528688,75.32685776011068
normal,perpendicular,ASICS Gel-Nimbus,5.0,20260609_181245,24,434,333,767,1.3033033033033032,56.58409387222947,166.87692135608359,-15.844998283792052,303.3091939689075,78.22685788787484,0.34357159893116124,152.93167978578367,75.32685776011068
normal,perpendicular,ASICS Gel-Nimbus,5.0,20260609_181245,25,467,333,800,1.4024024024024024,58.375,167.37070857968754,-23.181468931132372,290.9375422492759,75.0,0.5443670969458753,146.77714528208492,83.73370448436229
normal,perpendicular,ASICS Gel-Nimbus,5.0,20260609_181245,26,433,367,800,1.1798365122615804,54.125,167.80742461461477,-26.44705370183317,273.52387953703874,75.0,0.42859596411240225,146.79157318863145,83.73370448436229
normal,perpendicular,ASICS Gel-Nimbus,5.0,20260609_181245,27,433,367,800,1.1798365122615804,54.125,169.832677783861,-33.7619207267835,277.286955572657,75.0,0.38164285430149847,142.55032168068408,78.0524026766114
normal,perpendicular,ASICS Gel-Nimbus,5.0,20260609_181245,28,433,334,767,1.2964071856287425,56.45371577574967,167.40237722132127,-22.079559529242374,294.4860473471705,78.22685788787484,0.2901753255230029,144.72051343854503,76.24610905991719
normal,perpendicular,ASICS Gel-Nimbus,5.0,20260609_181245,29,400,300,700,1.3333333333333333,57.14285714285714,170.9317762003241,-41.70093542119548,313.14301163170694,85.71428571428571,0.4512813365336363,146.40461028924074,77.23291144267375
normal,perpendicular,ASICS Gel-Nimbus,5.0,20260609_181245,30,466,334,800,1.3952095808383234,58.25,168.81956067458552,-46.11827527767434,287.2611322135215,75.0,0.55743897416899,141.20674702047972,72.84903116609138
normal,perpendicular,ASICS Gel-Nimbus,5.0,20260609_181245,31,400,333,733,1.2012012012012012,54.570259208731244,167.12306068526715,-29.20393416529214,304.10937797229394,81.85538881309687,0.5570369665296837,152.7485657000251,77.13907338104164
normal,perpendicular,ASICS Gel-Nimbus,5.0,20260609_181245,32,433,367,800,1.1798365122615804,54.125,170.93450256767812,-39.357624487887506,275.39438741446475,75.0,0.41505285619978627,142.77936150366554,81.90260837176379
normal,perpendicular,ASICS Gel-Nimbus,5.0,20260609_181245,33,433,367,800,1.1798365122615804,54.125,171.21104376263128,-33.223286990154975,291.6079200145905,75.0,0.4427369004707457,150.07509789155915,81.90260837176379
normal,perpendicular,ASICS Gel-Nimbus,5.0,20260609_181245,34,433,334,767,1.2964071856287425,56.45371577574967,166.1572971704813,-10.517863961239414,303.7490710346997,78.22685788787484,0.34674902957800413,136.8424512230755,77.6934242944071
normal,perpendicular,ASICS Gel-Nimbus,5.0,20260609_181245,35,466,334,800,1.3952095808383234,58.25,170.48956179791372,-34.70585733814141,312.6753201725413,75.0,0.523319889909781,146.7500318531945,74.13262316135432
normal,perpendicular,ASICS Gel-Nimbus,5.0,20260609_181245,36,400,366,766,1.092896174863388,52.219321148825074,166.90495161936465,-21.64049140857321,251.66265993026695,78.3289817232376,0.37239110320539265,154.29013511259075,74.61862990686495
overstriding,perpendicular,ASICS Gel-Nimbus,5.0,20260609_181332,0,533,400,933,1.3325,57.12754555198285,174.80287616102152,-87.81828014574558,291.9629071821647,64.30868167202573,0.23174941867892243,156.71209308026562,
overstriding,perpendicular,ASICS Gel-Nimbus,5.0,20260609_181332,1,500,400,900,1.25,55.55555555555556,170.5775094809116,-59.342218124297574,281.26715034614085,66.66666666666667,0.12903423933377858,149.8716105968125,68.57147050617347
overstriding,perpendicular,ASICS Gel-Nimbus,5.0,20260609_181332,2,567,367,934,1.5449591280653951,60.7066381156317,178.31867804431678,-137.2899706655753,288.17309119027743,64.23982869379014,0.3224352976685221,151.7943160805321,68.57147050617347
overstriding,perpendicular,ASICS Gel-Nimbus,5.0,20260609_181332,3,533,367,900,1.452316076294278,59.22222222222222,171.89027439454364,-77.84893645514114,287.53444261530024,66.66666666666667,0.3403481475238208,151.12458820360746,60.08779297136684
overstriding,perpendicular,ASICS Gel-Nimbus,5.0,20260609_181332,4,533,400,933,1.3325,57.12754555198285,175.46737180664016,-86.05663580135558,280.6616639109727,64.30868167202573,0.3322072391030518,164.61910615740135,63.7805842835042
overstriding,perpendicular,ASICS Gel-Nimbus,5.0,20260609_181332,5,500,400,900,1.25,55.55555555555556,173.28669959804097,-67.76392293630704,270.9336287986905,66.66666666666667,0.19670859705181623,143.18368928459745,63.807329251957114
overstriding,perpendicular,ASICS Gel-Nimbus,5.0,20260609_181332,6,500,400,900,1.25,55.55555555555556,171.16902393435478,-55.80089574929639,290.76734507917206,66.66666666666667,0.14597449336671287,157.74013471973774,61.37218333717476
overstriding,perpendicular,ASICS Gel-Nimbus,5.0,20260609_181332,7,533,367,900,1.452316076294278,59.22222222222222,170.0755607926408,-65.52516765804342,292.8424548520459,66.66666666666667,0.29977865351474803,148.48357095751214,61.37218333717476
overstriding,perpendicular,ASICS Gel-Nimbus,5.0,20260609_181332,8,600,367,967,1.6348773841961852,62.04756980351603,175.93722769151046,-150.4195098745705,288.761199920663,62.047569803516026,0.27765729046675186,158.43638198392853,63.74836615423304
overstriding,perpendicular,ASICS Gel-Nimbus,5.0,20260609_181332,9,533,400,933,1.3325,57.12754555198285,178.49616969599788,-123.0690302385085,284.54606842067324,64.30868167202573,0.3187687242131373,162.8854897782677,76.22850117449734
overstriding,perpendicular,ASICS Gel-Nimbus,5.0,20260609_181332,10,533,400,933,1.3325,57.12754555198285,175.45519819174578,-90.04860901470533,280.7272606818684,64.30868167202573,0.31512064362716974,166.12764309094428,68.43872194053067
overstriding,perpendicular,ASICS Gel-Nimbus,5.0,20260609_181332,11,567,367,934,1.5449591280653951,60.7066381156317,174.9174290342917,-102.10112568809484,285.7073013556119,64.23982869379014,0.3730340306422441,151.38067497441114,65.64802978041719
overstriding,perpendicular,ASICS Gel-Nimbus,5.0,20260609_181332,12,533,367,900,1.452316076294278,59.22222222222222,176.37556260871978,-106.6418403565616,282.22026465623924,66.66666666666667,0.2666681580940947,163.77946575726583,70.88891380972849
overstriding,perpendicular,ASICS Gel-Nimbus,5.0,20260609_181332,13,566,367,933,1.542234332425068,60.664523043944264,176.92465852313694,-114.14237079481336,276.3775514817187,64.30868167202573,0.27286334767246306,164.19138257818815,73.41604170327054
overstriding,perpendicular,ASICS Gel-Nimbus,5.0,20260609_181332,14,533,367,900,1.452316076294278,59.22222222222222,175.8047993078541,-100.15350907975301,289.60077464775566,66.66666666666667,0.34428953910900056,157.59529808786397,72.79581056903683
overstriding,perpendicular,ASICS Gel-Nimbus,5.0,20260609_181332,15,567,366,933,1.5491803278688525,60.77170418006431,175.00297461887357,-108.94906684438024,284.86789156051645,64.30868167202573,0.32376037202876845,153.96376176246451,66.14140393470205
overstriding,perpendicular,ASICS Gel-Nimbus,5.0,20260609_181332,16,534,400,934,1.335,57.17344753747323,175.52998536651845,-117.86001026364431,282.6496520989501,64.23982869379014,0.458996051723674,156.34969672878344,70.63176001336606
overstriding,perpendicular,ASICS Gel-Nimbus,5.0,20260609_181332,17,500,400,900,1.25,55.55555555555556,172.39782693896416,-78.34987510343865,279.3496321641313,66.66666666666667,0.4318673738121012,155.7118747314778,72.91702783711182
overstriding,perpendicular,ASICS Gel-Nimbus,5.0,20260609_181332,18,500,400,900,1.25,55.55555555555556,176.40415434678818,-120.36330006246487,279.89350196943974,66.66666666666667,0.2703225756372778,171.81098855323717,82.81238209474924
overstriding,perpendicular,ASICS Gel-Nimbus,5.0,20260609_181332,19,533,400,933,1.3325,57.12754555198285,173.80607879590065,-98.17423126269318,274.8149327591351,64.30868167202573,0.16584957941444445,169.2864866466981,86.51017070681405
overstriding,perpendicular,ASICS Gel-Nimbus,5.0,20260609_181332,20,500,367,867,1.3623978201634876,57.67012687427913,169.86039520511102,-60.22992519799266,287.78709405180814,69.20415224913495,0.2672174232059214,164.82748500531034,80.26192004571254
overstriding,perpendicular,ASICS Gel-Nimbus,5.0,20260609_181332,21,433,400,833,1.0825,51.980792316926774,170.4154985092165,-80.03185079251557,278.73811447005585,72.02881152460985,0.39019260652209403,155.0403357539318,68.67722959196425
overstriding,perpendicular,ASICS Gel-Nimbus,5.0,20260609_181332,22,533,367,900,1.452316076294278,59.22222222222222,169.90342728482807,-71.01343864454566,289.9363495150591,66.66666666666667,0.2361890831826881,148.92066174702313,79.24919968316223
overstriding,perpendicular,ASICS Gel-Nimbus,5.0,20260609_181332,23,533,367,900,1.452316076294278,59.22222222222222,175.17932557340598,-92.19448339774112,296.1523470714686,66.66666666666667,0.43642385450365045,145.40631419192823,80.24567781962617
overstriding,perpendicular,ASICS Gel-Nimbus,5.0,20260609_181332,24,467,366,833,1.2759562841530054,56.062424969988,161.51604920646864,-21.561609282429913,286.7048747206733,72.02881152460985,0.3052509684837587,162.804622976985,80.04596661744014
overstriding,perpendicular,ASICS Gel-Nimbus,5.0,20260609_181332,25,500,367,867,1.3623978201634876,57.67012687427913,175.52717158312814,-93.6937881247959,278.38012654548515,69.20415224913495,0.3024058110055771,164.07750908234016,73.33312774326964
overstriding,perpendicular,ASICS Gel-Nimbus,5.0,20260609_181332,26,500,367,867,1.3623978201634876,57.67012687427913,175.66516419749433,-91.00994334024745,280.74989916764616,69.20415224913495,0.4386411074672357,164.5240984988559,77.31647129891431
overstriding,perpendicular,ASICS Gel-Nimbus,5.0,20260609_181332,27,466,367,833,1.2697547683923707,55.942376950780314,175.08128667672614,-105.33781167648442,286.1427338698088,72.02881152460985,0.4444841430847509,153.91349570056366,68.89035012609564
overstriding,perpendicular,ASICS Gel-Nimbus,5.0,20260609_181332,28,533,367,900,1.452316076294278,59.22222222222222,172.62173774677558,-88.21644390711151,292.1422975658588,66.66666666666667,0.3757335549319649,143.26956848190162,67.64631255867334
overstriding,perpendicular,ASICS Gel-Nimbus,5.0,20260609_181332,29,500,367,867,1.3623978201634876,57.67012687427913,172.5406994374672,-76.5361043660447,286.42758654617285,69.20415224913495,0.2845963080327041,153.72377651880356,66.05908839545782
overstriding,perpendicular,ASICS Gel-Nimbus,5.0,20260609_181332,30,466,367,833,1.2697547683923707,55.942376950780314,172.75064684502598,-107.16371967335567,274.0391488544989,72.02881152460985,0.20098348140697822,146.05480140549173,64.83092209976972
overstriding,perpendicular,ASICS Gel-Nimbus,5.0,20260609_181332,31,500,367,867,1.3623978201634876,57.67012687427913,174.99226215100632,-96.30369152312176,271.7662427850204,69.20415224913495,0.25397604314217553,157.34463767265152,60.668820914362
small_steps,perpendicular,ASICS Gel-Nimbus,5.0,20260609_181419,0,266,300,566,0.8866666666666667,46.996466431095406,146.15589169024145,127.06738034061277,287.0830057075277,106.00706713780919,0.38998114234030457,146.11688675284768,74.69270271389979
small_steps,perpendicular,ASICS Gel-Nimbus,5.0,20260609_181419,1,334,300,634,1.1133333333333333,52.6813880126183,164.15041369384198,-10.06156218835315,270.6374531207541,94.6372239747634,0.5429721939977015,125.67901865038652,74.69270271389979
small_steps,perpendicular,ASICS Gel-Nimbus,5.0,20260609_181419,2,333,300,633,1.11,52.60663507109005,163.26130385557164,-2.757293014263837,282.92915400041966,94.7867298578199,0.24760628103664353,137.9907332758612,55.22715123246138
small_steps,perpendicular,ASICS Gel-Nimbus,5.0,20260609_181419,3,367,300,667,1.2233333333333334,55.02248875562219,167.8941352752335,-19.1694648343248,283.1542159179944,89.95502248875562,0.3273212177802003,143.13969125942617,68.48109079787804
small_steps,perpendicular,ASICS Gel-Nimbus,5.0,20260609_181419,4,333,267,600,1.247191011235955,55.50000000000001,166.8985938380225,-14.860976770504749,285.4232387877412,100.0,0.4805271678090379,137.26538923918156,73.6751388089671
small_steps,perpendicular,ASICS Gel-Nimbus,5.0,20260609_181419,5,333,300,633,1.11,52.60663507109005,168.8743897700559,-6.365278136639631,270.57077519884933,94.7867298578199,0.30916347386734205,142.21873077621706,62.789136356342695
small_steps,perpendicular,ASICS Gel-Nimbus,5.0,20260609_181419,6,333,300,633,1.11,52.60663507109005,166.42476222113606,-16.413394619786345,271.19208910741327,94.7867298578199,0.6530206639547631,146.6341837934092,66.44678159910953
small_steps,perpendicular,ASICS Gel-Nimbus,5.0,20260609_181419,7,367,300,667,1.2233333333333334,55.02248875562219,165.50970345862208,-28.571845693807063,278.94633684915834,89.95502248875562,0.8145534046681383,138.6120932134378,66.37376628619606
small_steps,perpendicular,ASICS Gel-Nimbus,5.0,20260609_181419,8,400,300,700,1.3333333333333333,57.14285714285714,163.72974073809962,-26.811311665380686,282.75498326736556,85.71428571428571,0.5709850252912072,145.8684942609541,65.78816174393609
small_steps,perpendicular,ASICS Gel-Nimbus,5.0,20260609_181419,9,367,300,667,1.2233333333333334,55.02248875562219,165.922747819839,-11.023028829078385,297.0635812165283,89.95502248875562,0.32942004821647836,157.4667519160713,69.34803067506061
small_steps,perpendicular,ASICS Gel-Nimbus,5.0,20260609_181419,10,366,334,700,1.095808383233533,52.28571428571429,160.39438695963838,-8.393370758741185,271.6383943606877,85.71428571428571,0.4949754060268131,155.6642583954257,66.77077086551665
small_steps,perpendicular,ASICS Gel-Nimbus,5.0,20260609_181419,11,333,333,666,1.0,50.0,164.40525402933835,-0.0008221283854936701,259.72942001872934,90.09009009009009,0.4325864835538854,153.9945516276258,56.994625784838206
small_steps,perpendicular,ASICS Gel-Nimbus,5.0,20260609_181419,12,334,300,634,1.1133333333333333,52.6813880126183,165.7865030943415,1.062779174444131,278.5402894592048,94.6372239747634,0.4205924539609265,146.4517376901024,62.3775607935733
small_steps,perpendicular,ASICS Gel-Nimbus,5.0,20260609_181419,13,366,300,666,1.22,54.95495495495496,166.69471164829886,-26.470751462771545,286.04546028093034,90.09009009009009,0.8213666993246074,155.863848327769,69.4001047062635
small_steps,perpendicular,ASICS Gel-Nimbus,5.0,20260609_181419,14,367,300,667,1.2233333333333334,55.02248875562219,161.43480124726364,-0.3974548619884217,291.27682392515896,89.95502248875562,0.7825819463662492,162.07205606336504,74.03991224751883
small_steps,perpendicular,ASICS Gel-Nimbus,5.0,20260609_181419,15,367,300,667,1.2233333333333334,55.02248875562219,166.25547494210042,-19.373766350638334,269.0069470329007,89.95502248875562,0.8736394963028613,148.69952203250534,69.50692547369202
small_steps,perpendicular,ASICS Gel-Nimbus,5.0,20260609_181419,16,400,300,700,1.3333333333333333,57.14285714285714,167.07384510004093,-34.818181049883606,287.0930503198508,85.71428571428571,0.7931535127166733,158.7824574259754,70.34590399466138
small_steps,perpendicular,ASICS Gel-Nimbus,5.0,20260609_181419,17,366,300,666,1.22,54.95495495495496,161.76582837329966,11.046315890982669,294.0697040157386,90.09009009009009,0.4301141878470355,158.2450688802394,70.34590399466138
small_steps,perpendicular,ASICS Gel-Nimbus,5.0,20260609_181419,18,334,333,667,1.003003003003003,50.07496251874063,162.89988684582625,10.628635484022197,274.38229147513687,89.95502248875562,0.6222486281689342,146.32290269071018,65.68737841781447
small_steps,perpendicular,ASICS Gel-Nimbus,5.0,20260609_181419,19,367,300,667,1.2233333333333334,55.02248875562219,166.47356872117805,-2.756745891459218,287.67259671189447,89.95502248875562,0.3186507969139389,147.77515522157398,67.84165498326493
small_steps,perpendicular,ASICS Gel-Nimbus,5.0,20260609_181419,20,366,334,700,1.095808383233533,52.28571428571429,161.45379131158555,7.327326226806235,266.7113828717273,85.71428571428571,0.6256982767437544,158.6292884900431,73.7409589197949
small_steps,perpendicular,ASICS Gel-Nimbus,5.0,20260609_181419,21,366,300,666,1.22,54.95495495495496,165.15541903930685,0.7259135213823811,294.0287920894906,90.09009009009009,0.44843402070893845,157.30929427825288,72.95786842382464
small_steps,perpendicular,ASICS Gel-Nimbus,5.0,20260609_181419,22,400,300,700,1.3333333333333333,57.14285714285714,164.0684330374509,-6.025204609776779,294.3922473532764,85.71428571428571,0.7282600490974684,151.1643228537481,77.84843702234599
small_steps,perpendicular,ASICS Gel-Nimbus,5.0,20260609_181419,23,367,300,667,1.2233333333333334,55.02248875562219,162.1643906219299,20.64518728143912,290.555373090643,89.95502248875562,0.7686408477639659,157.41041560428062,77.31273019329666
small_steps,perpendicular,ASICS Gel-Nimbus,5.0,20260609_181419,24,400,300,700,1.3333333333333333,57.14285714285714,163.3997321295592,1.5971459462663233,309.6297465458233,85.71428571428571,0.722628368590505,138.67269768172469,76.86699670749542
small_steps,perpendicular,ASICS Gel-Nimbus,5.0,20260609_181419,25,367,333,700,1.102102102102102,52.42857142857142,160.25621995286141,18.276552180477893,282.4601632975425,85.71428571428571,0.44836731245639594,144.0697254394911,74.07213000538442
small_steps,perpendicular,ASICS Gel-Nimbus,5.0,20260609_181419,26,367,333,700,1.102102102102102,52.42857142857142,165.8901877333218,-9.49634639976523,292.5099943075302,85.71428571428571,0.47185785885568693,150.96027999125408,74.25219098997943
small_steps,perpendicular,ASICS Gel-Nimbus,5.0,20260609_181419,27,367,333,700,1.102102102102102,52.42857142857142,162.74584560223687,15.92404962071521,287.3424183867263,85.71428571428571,0.39037960281122275,144.2185784297078,78.25765525651914
small_steps,perpendicular,ASICS Gel-Nimbus,5.0,20260609_181419,28,367,300,667,1.2233333333333334,55.02248875562219,164.32802381706787,10.062803737201307,298.3902388170882,89.95502248875562,0.4668707347016356,160.08687362065905,79.82436481046258
small_steps,perpendicular,ASICS Gel-Nimbus,5.0,20260609_181419,29,366,334,700,1.095808383233533,52.28571428571429,167.7108668990987,-17.183559958410456,277.27856553183824,85.71428571428571,0.8129914689583267,153.56849921436503,69.48103832940043
small_steps,perpendicular,ASICS Gel-Nimbus,5.0,20260609_181419,30,366,334,700,1.095808383233533,52.28571428571429,162.31406796261908,-1.765117264806463,289.23364670296814,85.71428571428571,0.6696188329100973,144.61800669079764,65.84180078221246
small_steps,perpendicular,ASICS Gel-Nimbus,5.0,20260609_181419,31,366,300,666,1.22,54.95495495495496,165.26745808284196,18.01578633255349,305.1463696670387,90.09009009009009,0.2857462700378525,155.98078570073312,63.706088569315824
small_steps,perpendicular,ASICS Gel-Nimbus,5.0,20260609_181419,32,367,300,667,1.2233333333333334,55.02248875562219,164.1778774756687,3.136817858029417,303.94324220168323,89.95502248875562,0.5965950400567938,153.83398079902543,63.706088569315824
small_steps,perpendicular,ASICS Gel-Nimbus,5.0,20260609_181419,33,367,333,700,1.102102102102102,52.42857142857142,165.22917486645963,-13.45059932426193,289.00375690897465,85.71428571428571,0.9631745620874143,149.7775412920762,62.69775483820368
small_steps,perpendicular,ASICS Gel-Nimbus,5.0,20260609_181419,34,367,300,667,1.2233333333333334,55.02248875562219,163.02077217641516,18.81740574815035,309.42977182393076,89.95502248875562,0.3837312628478636,156.0998512518238,62.69775483820368
small_steps,perpendicular,ASICS Gel-Nimbus,5.0,20260609_181419,35,366,300,666,1.22,54.95495495495496,166.11977877626057,-16.279670783622578,293.5441202534207,90.09009009009009,0.6589076372588907,143.49829632335639,70.62494391941888
small_steps,perpendicular,ASICS Gel-Nimbus,5.0,20260609_181419,36,400,300,700,1.3333333333333333,57.14285714285714,165.56971602134752,-8.728754417903701,286.1190799330644,85.71428571428571,0.7909045998945808,148.70961787871727,80.41386285925593
small_steps,perpendicular,ASICS Gel-Nimbus,5.0,20260609_181419,37,400,300,700,1.3333333333333333,57.14285714285714,167.00068205146545,-15.817015439914258,293.67313658604803,85.71428571428571,0.8219829546831832,143.95283549446106,80.41386285925593
small_steps,perpendicular,ASICS Gel-Nimbus,5.0,20260609_181419,38,367,300,667,1.2233333333333334,55.02248875562219,167.52167197240948,-21.98534466343824,294.8707306337201,89.95502248875562,0.8856198518879057,149.234397217097,73.5592819148343
small_steps,perpendicular,ASICS Gel-Nimbus,5.0,20260609_181419,39,400,300,700,1.3333333333333333,57.14285714285714,165.4420177110146,-19.470277494348807,286.73906817706995,85.71428571428571,0.8247467314527847,146.4249108373515,75.3600396671232
small_steps,perpendicular,ASICS Gel-Nimbus,5.0,20260609_181419,40,367,300,667,1.2233333333333334,55.02248875562219,165.59924973235496,4.663798243985411,292.59763806124477,89.95502248875562,0.44775613737776165,152.98573864747152,74.91222786293918
small_steps,perpendicular,ASICS Gel-Nimbus,5.0,20260609_181419,41,366,300,666,1.22,54.95495495495496,163.2748407383822,10.228342277220122,293.323603183126,90.09009009009009,0.7676026341654424,141.49406596543156,70.98474185328976
small_steps,perpendicular,ASICS Gel-Nimbus,5.0,20260609_181419,42,367,300,667,1.2233333333333334,55.02248875562219,163.85322776090243,0.13329000268856817,314.5345160699352,89.95502248875562,0.5184103744449609,146.74152760709433,68.72523012170288
small_steps,perpendicular,ASICS Gel-Nimbus,5.0,20260609_181419,43,367,300,667,1.2233333333333334,55.02248875562219,163.28176370154802,-0.7665229631770671,281.7618100115244,89.95502248875562,0.5352341441705338,145.50960751175774,
too_bouncy,perpendicular,ASICS Gel-Nimbus,5.0,20260609_181509,0,433,400,833,1.0825,51.980792316926774,168.2182022031011,-12.967800793411811,289.5895869666821,72.02881152460985,0.7019711563589915,261.59834753696487,
too_bouncy,perpendicular,ASICS Gel-Nimbus,5.0,20260609_181509,1,500,367,867,1.3623978201634876,57.67012687427913,168.05805508909776,-11.054403327822115,313.522402123092,69.20415224913495,0.904941855937907,213.1216686525206,110.21700921087353
too_bouncy,perpendicular,ASICS Gel-Nimbus,5.0,20260609_181509,2,466,367,833,1.2697547683923707,55.942376950780314,167.90775605430383,-22.99092824150523,316.77726809376554,72.02881152460985,0.7546560763626212,220.371020968965,110.29599832745242
too_bouncy,perpendicular,ASICS Gel-Nimbus,5.0,20260609_181509,3,467,400,867,1.1675,53.8638985005767,163.60826349692937,-0.39973071240092395,300.8238193489349,69.20415224913495,0.7503799574116304,243.8145742184132,110.98952949135034
too_bouncy,perpendicular,ASICS Gel-Nimbus,5.0,20260609_181509,4,433,433,866,1.0,50.0,167.86244289868145,-11.548958513111756,297.7259878560674,69.28406466512702,1.043266860158482,269.2650412699654,109.43903218995892
too_bouncy,perpendicular,ASICS Gel-Nimbus,5.0,20260609_181509,5,400,400,800,1.0,50.0,166.69026221439034,6.8572943311495465,317.7738512880113,75.0,0.7962501196854664,244.21609207369693,125.09868936124896
too_bouncy,perpendicular,ASICS Gel-Nimbus,5.0,20260609_181509,6,434,400,834,1.085,52.038369304556355,168.83644551444382,-12.173352569532653,297.0253816754521,71.94244604316546,0.5975610120613722,245.21757709602105,125.09868936124896
too_bouncy,perpendicular,ASICS Gel-Nimbus,5.0,20260609_181509,7,433,400,833,1.0825,51.980792316926774,170.1590898800533,-17.001648507649406,322.13387455364,72.02881152460985,0.983872225487678,271.6669738688631,122.37412399377547
too_bouncy,perpendicular,ASICS Gel-Nimbus,5.0,20260609_181509,8,433,400,833,1.0825,51.980792316926774,164.0154650020689,17.835136660792045,340.2702512056661,72.02881152460985,1.168736704779967,276.3631836743539,118.24988989390016
too_bouncy,perpendicular,ASICS Gel-Nimbus,5.0,20260609_181509,9,467,367,834,1.2724795640326976,55.99520383693045,165.2101867908508,-0.31093271041288517,327.1507755367851,71.94244604316546,1.0922144452206297,223.9804133342534,118.48103683845234
too_bouncy,perpendicular,ASICS Gel-Nimbus,5.0,20260609_181509,10,433,400,833,1.0825,51.980792316926774,169.59444570419126,-12.602594764609194,289.9615633728033,72.02881152460985,0.7189912078170076,268.4478170752185,121.32402339367057
too_bouncy,perpendicular,ASICS Gel-Nimbus,5.0,20260609_181509,11,433,400,833,1.0825,51.980792316926774,165.56252258503102,-2.2424891764708264,301.5401858293235,72.02881152460985,1.1243131932640162,241.7516593250416,123.83936118744595
too_bouncy,perpendicular,ASICS Gel-Nimbus,5.0,20260609_181509,12,467,400,867,1.1675,53.8638985005767,168.63190301800503,-21.742495714539814,300.6833586979976,69.20415224913495,0.9565003565065441,208.79059486444976,123.83936118744595
too_bouncy,perpendicular,ASICS Gel-Nimbus,5.0,20260609_181509,13,433,400,833,1.0825,51.980792316926774,165.77576270565748,-4.725336068352362,301.6095744889707,72.02881152460985,0.6604427669793188,232.56928695832107,106.23240879539995
too_bouncy,perpendicular,ASICS Gel-Nimbus,5.0,20260609_181509,14,467,400,867,1.1675,53.8638985005767,169.65055748035056,-16.19429013629849,330.5135286539395,69.20415224913495,1.00238426767915,222.68735083917477,109.03805468154961
too_bouncy,perpendicular,ASICS Gel-Nimbus,5.0,20260609_181509,15,433,400,833,1.0825,51.980792316926774,163.4550823061905,18.69641782693884,314.7707912418175,72.02881152460985,0.6222951937365083,228.77338314213,109.03805468154961
too_bouncy,perpendicular,ASICS Gel-Nimbus,5.0,20260609_181509,16,434,400,834,1.085,52.038369304556355,170.090924026882,-6.212052468553907,316.0811973584381,71.94244604316546,0.8309032866999325,261.137117035315,105.90494649732511
too_bouncy,perpendicular,ASICS Gel-Nimbus,5.0,20260609_181509,17,433,400,833,1.0825,51.980792316926774,168.55924914560612,-0.18433192350596528,305.4412121976302,72.02881152460985,1.0542707547960004,248.61044966306054,119.5325340439651
too_bouncy,perpendicular,ASICS Gel-Nimbus,5.0,20260609_181509,18,400,433,833,0.9237875288683602,48.019207683073226,166.86755829574932,19.383485929441804,308.3113676146404,72.02881152460985,0.7487635594882801,236.75140921697744,109.7269035638972
too_bouncy,perpendicular,ASICS Gel-Nimbus,5.0,20260609_181509,19,400,400,800,1.0,50.0,165.87919503251598,13.071458016472548,304.3265715434686,75.0,0.6970655589748513,269.60953216646885,113.07506243170658
too_bouncy,perpendicular,ASICS Gel-Nimbus,5.0,20260609_181509,20,467,400,867,1.1675,53.8638985005767,164.56282255563903,9.031883442838193,335.4068925494088,69.20415224913495,1.0974048616601684,258.57058439876505,122.07011379450518
too_bouncy,perpendicular,ASICS Gel-Nimbus,5.0,20260609_181509,21,400,433,833,0.9237875288683602,48.019207683073226,166.92213383993948,-4.487997163659998,290.2790455718325,72.02881152460985,0.9786408252638714,276.06348583122576,123.05329433752742
too_bouncy,perpendicular,ASICS Gel-Nimbus,5.0,20260609_181509,22,400,400,800,1.0,50.0,163.25542836213714,13.966650026060847,286.9412560371368,75.0,1.065483859294664,239.97672098445946,123.5342504145218
too_bouncy,perpendicular,ASICS Gel-Nimbus,5.0,20260609_181509,23,467,367,834,1.2724795640326976,55.99520383693045,160.78728884952622,14.694718790081083,324.82720213872096,71.94244604316546,0.9869166728983267,240.6932540124551,129.48585909764333
too_bouncy,perpendicular,ASICS Gel-Nimbus,5.0,20260609_181509,24,466,400,866,1.165,53.81062355658198,172.82263269918943,-45.02163763743226,295.80314076002173,69.28406466512702,0.7464450268690201,228.39093169695798,117.17856082355058
too_bouncy,perpendicular,ASICS Gel-Nimbus,5.0,20260609_181509,25,434,400,834,1.085,52.038369304556355,164.8516423197347,-9.320668175113838,329.52816377334364,71.94244604316546,0.8621445076106989,242.49070541690105,118.6185591782806
too_bouncy,perpendicular,ASICS Gel-Nimbus,5.0,20260609_181509,26,433,433,866,1.0,50.0,172.16503073145657,-19.626820609024207,289.0512254939978,69.28406466512702,0.6896376308231505,272.2302969072199,112.36671536890049
too_bouncy,perpendicular,ASICS Gel-Nimbus,5.0,20260609_181509,27,400,400,800,1.0,50.0,164.07332493515042,24.4784576175781,333.41308061422296,75.0,0.9090874953420669,289.13163415664303,116.34034036702255
too_bouncy,perpendicular,ASICS Gel-Nimbus,5.0,20260609_181509,28,434,433,867,1.002309468822171,50.05767012687428,169.40035869716957,-5.038281418463498,307.1622428929263,69.20415224913495,1.1200770487718874,276.92764305052594,127.8624391891392
too_bouncy,perpendicular,ASICS Gel-Nimbus,5.0,20260609_181509,29,433,400,833,1.0825,51.980792316926774,164.96635172339992,-4.752877317846696,324.47388086566446,72.02881152460985,1.0654394668013345,265.76554322128266,123.7162776497195
too_bouncy,perpendicular,ASICS Gel-Nimbus,5.0,20260609_181509,30,400,334,734,1.1976047904191616,54.495912806539515,168.97733069871128,-13.868900285871746,319.46638084295546,81.74386920980926,0.8849879389246252,260.7942513121045,119.07518617522896
too_bouncy,perpendicular,ASICS Gel-Nimbus,5.0,20260609_181509,31,400,433,833,0.9237875288683602,48.019207683073226,165.71681629576912,13.356696430702527,312.7949270698522,72.02881152460985,1.010681823508334,294.8693587433405,116.55761050476919
too_bouncy,perpendicular,ASICS Gel-Nimbus,5.0,20260609_181509,32,433,400,833,1.0825,51.980792316926774,168.6474877136623,7.032929112877014,322.17232683885356,72.02881152460985,0.7835543815755925,266.3015733853522,124.81930419405424
too_bouncy,perpendicular,ASICS Gel-Nimbus,5.0,20260609_181509,33,467,333,800,1.4024024024024024,58.375,164.57184073268814,5.948332525376941,333.1793505402038,75.0,0.7180424189669182,286.79035225809434,127.67965857784876
too_bouncy,perpendicular,ASICS Gel-Nimbus,5.0,20260609_181509,34,467,400,867,1.1675,53.8638985005767,167.16364455702765,1.0024579768071362,353.1273640898462,69.20415224913495,1.4586491256288587,280.34561922976775,125.4752211214593
